{"cameraMode":{"drawMode":0,"name":"Shaded","section":"Shading Mode"},"sceneLighting":true,"audioPlay":false,"sceneViewState":{"showFog":true,"showMaterialUpdate":false,"showSkybox":true,"showFlares":true,"showImageEffects":true,"showParticleSystems":true,"showVisualEffectGraphs":true,"m_FxEnabled":true},"in2DMode":false,"pivot":{"x":-0.009999990463256836,"y":2.609999895095825,"z":-18.459999084472658},"rotation":{"x":-0.01280475128442049,"y":0.9769681692123413,"z":-0.20395758748054505,"w":-0.06133543327450752},"size":4.471761226654053,"orthographic":false}